Full Name,Born,Batting Style,Bowling Style,Carrer,Age
සෝමචන්ද්ර දින සිල්වා වෙනුවෙන් දණ්ඩිනියා,"ජුනි 11, 1942, ගාල්ල",දකුණු අත පිතිකරණය,ලෙග්බ්රේක් ගොග්ලි,"ශ්රී ලංකාවේ හොඳම කකුල් කරුවෙකු වන සෝමචන්ද්ර ද සිල්වාගෙන් එකක් වූයේ ශ්රී ලංකාවට පූර්ණ පරීක්ෂණ තත්ත්වයක් ලබා දීමෙන් පසුව බොහෝ ක්රීඩකයින් විශ්රාම යාමට නියමිත අවධියක සිටියදීය. ඔහු ශ්රී ලංකා කණ්ඩායමේ සවිකෘත පැවති අතර ලොව පුරා ක්රිකට් රවුම් ලින්කන්ෂයර් සහ ෂ්රොප්ෂයර් සඳහා කුඩා කවුන්ටි ක්රිකට් ක්රීඩා කර ඇත. 70 දශකය පුරාම ඔහුගේ ගුවන් ගමන් සහ හොඳින් වෙස්වළාගෙන වැරදි ලෙස වැරදි ලෙස වෙස්වළාගත් වැරදි ලෙස වැරැද්දක් කර ඇත. ශ්රී ලංකාවේ සමාරම්භක පරීක්ෂණයේදී ඔහු සිය පළමු ටෙස්ට් කඩුල්ල 38 ක් සඳහා ලකුණු 38 ක් සහ 0 කට දැවී ගියේය. ද සිල්වා පහත දැක්වෙන සංචාරයේදී කඩුලු 17 ක් දවා ගනිමින්, පසුගිය කඩුලු 3 ක් තුළ කඩුලු 17 ක් ද, ශ්රී ලංකාව විසින් ෆයිසලාබාද් හි ලකුණු 59 කට කඩුලු 5 කට ලකුණු 5 ක් ලබා ගත්හ. 1982-83 නවසීලන්තයේ සංචාරය මුලදී දුලෙප් මෙන්ඩිස් තුවාල වූ විට, ශ්රී ලංකාව ටෙස්ට් තරග දෙකකින් ශ්රී ලංකාවට ප්රමුඛත්වය දෙන ලදී. පිතිහරඹයත් සමඟ ඔහු කපිතාන්වරයා ලෙස අර්ධ ශතක දෙකක් සෑදීමට වඩා වැඩි යමක් විය. ක්රීඩාව තුළ ඔහු සිය ප්රසිද්ධියේ නඩත්තු කළේ ශ්රී ලංකාව පුහුණු කිරීමෙනි. පසුව ඔහු ශ්රී ලංකා ජනාධිපති මහින්ද රාජපක්ෂ මහතා විසින් 2007 දෙසැම්බර් මාසයේදී ශ්රී ලංකා ජනාධිපති මහින්ද රාජපක්ෂ මහතා විසින් 2007 දෙසැම්බර් මාසයේදී ශ්රී ලංකා ජනාධිපති මහින්ද රාජපක්ෂ මහතා විසින් රටේ යුද්ධයට ගොදුරු වූ උතුරු ප්රදේශවල ක්රීඩාව ප්රවර්ධනය කිරීම සඳහා පත් කරන ලදී. 2009 දී ද සිල්වා මහතා හතක හත් දෙනෙකුගෙන් යුත් අතුරු කමිටුවක සභාපති ලෙස ශ්රී ලංකා ක්රිකට් ක්රීඩාවේ සභාපති ලෙස ක්රීඩා අමාත්ය ගාමිනි ලොකුගේ මහතා විසින් පත් කරන ලදී.",79y 126d
එඩ්වඩ් රංජිත් ප්රනාන්දු,"පෙබරවාරි 22, 1944, කොළඹ",දකුණු අත පිතිකරණය,පන්දු යැවීම නොවේ,එඩ්වඩ් රංජිත් ප්රනාන්දු 1960 ක් වන අතර ඔහු හොඳම කඩුලු රකින්නා අතර වන විට ප්රමුඛ පෙළේ පාසල් ක්රිකට් ක්රීඩකයෙකි.1964 දී ඔහු වර්ෂයේ පාසල් ක්රිකට් ක්රීඩකයා ලෙස සම්මාන ලැබීය.,77y 236d
පීටර් ඩේවිඩ් ඩේවිඩ්,"ජුනි 26, 1945, කොළඹ",වම් අත පන්දු,දකුණු අත මාධ්යය,"1981 දී ඔහු කුඩා රට ශූරතාවලියේදී බර්ක්ෂයර් සඳහා ක්රීඩා 4 ක් ක්රීඩා කළේය - අවාසනාවකට මෙන්, වැඩ සහ පවුල් බැඳීම් හේතුවෙන් තවදුරටත් පෙනී සිටිය නොහැකි වූයේ වයස අවුරුදු 39 දී ඔහු තරගයෙන් සම්පූර්ණයෙන්ම විශ්රාම ගොස් ඇති බවයි..",76y 111d
ලලිත් වසන්ත සිල්වා කලුසුල්ලුමුමා,"ජුනි 25, 1949, කොළඹ",දකුණු අත පිතිකරණය,දකුණු අත ඕෆ්බ්රීක්,ලලිත් කලුප්පාමා ශ්රී ලංකාව ටෙස්ට් තත්ත්වය ලබා දෙන විට දේශීය මට්ටමින් ඉටු කරන ලද දම්පූර්ණ දරුවෙකි.පිතිහරඹය සමඟ පහළ අනුපිළිවෙලකට ද හැකියාව ඇති ඔහු තම ගෘහස්ථ ස්වරූපය ජාත්යන්තර තලයට මාරු කිරීමට අපොහොසත් විය.එංගලන්තයට එරෙහිව ශ්රී ලංකාවේ සමාරම්භක ටෙස්ට් තරගයේදී ඔහු සිල්වස් යන දෙඅජ්යය වන ඩී.එස්. සහ අජිත් යන ඩි ඩි.ෆයිසලාබාද් හි දෙවන ටෙස්ට් තරගාවලිය සඳහා ඔහු නැවත පාකිස්තානයට සංචාරය කරන ලද පාකිස්තානයට පිවිසීම නැවතත් ඔහු ද සිල්වාගේ පන්දු යැවීම තරගාවලියේදී යටපත් කළේය.ඔහු 1982-83 දී දකුණු අප්රිකාවේ දකුණු අප්රිකාවේ සංචාරයට එක්වන ලෙස තෝරා ගැනීමේ තවත් නියෝජිත ගෞරව සම්බාධක අවසන් විය.පසුව ඔහු ජාතික තේරීම් කාරකයෙකු බවට පත්ව 2005 මැයි මාසයේදී 2005 මැයි මාසයේදී තේරීම් කමිටුව දෙසට ගමන් කළේය.,72y 112d
ලුවී රොහාන් දුලීප් මෙන්ඩිස්,"අගෝස්තු 25, 1952, මොරටුවා",දකුණු අත පිතිකරණය,දකුණු අත මාධ්යය,"ඕනෑම මට්ටමක ප්රහාර එල්ල කිරීමට හැකියාව ඇති ශක්තිමත්, නොසන්සුන් පිතිකරුවෙකුට මනෝභාවය ඔහුව ගෙන ගිය විට, ශ්රී ලංකාවේ මුල් දිනවල ටෙස්ට් රූගත කිරීමේ රටක් ලෙස මෙන්ඩිස් ක්රීඩා කළේය. 1972 දී ශ්රී ලංකාව වෙනුවෙන් ශ්රී ලංකාව වෙනුවෙන් මුලින්ම ක්රීඩා කළ මෙන්ඩිස් 30 ක් වන නමුත් ඔවුන් පළමු ටෙස්ට් තරගයට යන විට 30 ක් පමණ ආරම්භ වූ අතර, ඔවුන්ගේ තෙවැනි ටෙස්ට් පරීක්ෂණයෙන් පැත්තෙන් කපන්න බරක් තිබියදීත් ඉක්මනින් ඔහුගේ පාද සොයා ගන්නා ලදී. 1982 සිට 83 හැදී වැඩීම සඳහා ඔහු ඉන්දියාවට එරෙහිව ඉනිම දෙකෙහිම 105 ට පහර දුන් අතර, වසර දෙකක සිට වයස අවුරුදු දෙකකට පසුව, 111 සහ 94 ක් සමඟ එංගලන්තයට එරෙහිව. ඉන්දියාව 1985-86 දී ලකුණු 310 ක් රැස් කළේය. පාකිස්තානයට එරෙහිව සිය සියය පාකිස්තානයට පිළිපැදීමෙන් පසු ශීත කාලය ඔහුගේ අවසන් පරීක්ෂණ 10 තුළ පනස්කිරි දෙකක් පමණක් ලකුණු ලබා ගත්තේය. ඔහු වෙනුවට රන්ජන් මඩුගල් විසින් 1988 දී එංගලන්තයේ සංචාරය සඳහා නායකයා ලෙස පත් කරන ලද අතර එහිදී ඔහු ලෝඩ්ස් හි අවසන් ටෙස්ට් තරගයේදී 56 ක් අත්සන් කළේය. ඔහු ශ්රී ලංකාවේ ලෝක කුසලානය සාර්ථකව පැමිණෙමින් සිටියදී ඔහු මහජන අවධාණ්ඩනයේ රැඳී සිටියේය.",69y 51d
ඇන්ටනි රැල්ෆ් මැරිනොන් ඔපතා,"අගෝස්තු 05, 1947, කොළඹ",දකුණු අත පිතිකරණය,දකුණු අත මාධ්යය,1971 දී ඔහු මුලින්ම ලංකාව වෙනුවෙන් ක්රීඩා කළ අතර 1975 සහ 1979 දී එංගලන්තයේ ලෝක කුසලාන තරගාවලියේදී ශ්රී ලංකා කණ්ඩායම් කුසලානට ක්රීඩා කළේය. පසුව 1979 දී එක් කන්නයක් සඳහා ඔහු එක් කන්නයකට ක්රීඩා කළ අතර ඔහු ඕලන්දයේ පුහුණුකරු තනතුරට ඉදිරිපත් වියකණ්ඩායම.ඔහු සිය විද්යාලයේ ක්රිකට් කණ්ඩායම වෙනුවෙන් ක්රීඩා කර 1977 දක්වා ගුවන් හමුදා ක්රිකට් කණ්ඩායම වෙනුවෙන් ක්රීඩා කළේය,73y 38d (died)
හේමාල් ශ්රී මේදවාන් පියරිස්,"පෙබරවාරි 16, 1946, ලංකාවේ",වම් අත පන්දු,දකුණු අත වේගවත් මාධ්යය,"ඔහු කර්මාන්තයේ සහ ශාස්ත්රාලීය රසායන විද්යාව ඉගැන්වීම, රසායන විද්යාව ඉගැන්වීම සහ පොලිමර් පිළිබඳ විශේෂ izing ය. 2018 සැප්තැම්බර් 2018 දී ශ්රී ලංකා ක්රිකට් විසින් උපමා කරන ලද හිටපු ශ්රී ලංකා ක්රිකට් ක්රීඩකයින් 49 දෙනාගෙන් කෙනෙකි",75y 241d
අනුර නන්දන රණසිංහ,"ඔක්තෝබර් 13, 1956, කළුතර",දකුණු අත පිතිකරණය,"වම් අත මධ්යම, මන්දගාමී වම් අත ඕතඩොක්ස්",1975 දී බටහිර ඉන්දීය කොදෙව් කොල කොඳු ඇට පෙළේ විය යුත්තේ 1975 ලෝක කුසලාන තරගාවලියේදී පාසැල් සිසුවෙකු සිය ජාත්යන්තර මංගල්යයක් බවට පත් කළේය. රණසිංහ ශ්රී ලාංකිකයින් සඳහා තරග තුනම ක්රීඩා කළේය. 1981-82 දී පාකිස්තානයේ ශ්රී ලංකාවේ සමාරම්භක ටෙස්ට් චාරිකාව සඳහා ඔහුගේ ටෙස්ට් තරගය අංක 7 ට පන්දුව ලකුණු 6 ක් සහ 5 පිතිකරණය සමඟ පොරබදමින් සිටියේය පළමු ඉනිම. ඔහුගේ දෙවන හා අවසාන පරීක්ෂණය පසුව ඉන්දියාවට එරෙහිව පැමිණියේය. ලුහුබැඳ ගිය 7 දෙනෙකු සඳහා ඉන්දියාව 135 ක් ලෙස ඉන්දියාව ලකුණු 135 ක් ලෙස වසා දැමූ බැවින් විශිෂ්ට ජයග්රහණයක් උදුරා ගැනීමට පාහේ ඉඩ දී ඇති හෙයින්. ඔහු අඛණ්ඩව ශ්රී ලාංකික කණ්ඩායමේ ප්රධාන ක්රීඩකයෙකු ලෙස කටයුතු කිරීමට අපේක්ෂා කළ නමුත් 1982-83 දී දකුණු අප්රිකාවේ කුප්රකට ශ්රී ලාංකික කැරලිකරුවෙකු සමඟ එක්වීමට ඔහු ජීවිතක්ෂයට පත්වීමට උත්සාහ කරමින් සිටියේය. එය 1989 දී නැවත සකස් කළ විට තවත් සෘතු කිහිපයක් සඳහා සිය ක්ලබ් වෘත්තිය නැවත ආරම්භ කළ අතර පසුව එය පුහුණු කිරීම සඳහා ගියේය. 1998 දී ඔහුගේ 42 වන උපන්දිනයට දින හතරකට පෙර ඔහු හදිසියේම හදිසියේ මිය ගියේය., 42y 27d (Died) 
අනුර පූන්සර් බණ්ඩා ටෙනෙකූන්,"ඔක්තෝබර් 29, 1946, අනුරාධපුර",දකුණු අත පිතිකරණය,මන්දගාමී වම් අත ඕතඩොක්ස්,අනුර ටෙනෙකූන් ශ්රී ලංකා පැවරුමේ නිත්ය සාමාජිකයෙකු වූ අතර ඔවුන් පරීක්ෂණ තත්ත්වය අත්කර ගැනීමට පෙර වසර කිහිපයක නිත්ය සාමාජිකයෙකු වූ අතර ඔවුන්ගේ විශිෂ්ට පිතිකරුවෙකු ලෙස පුළුල් ලෙස සැලකේ.ඔහු ද නායකත්වය දැරීය.ඔහුගේ එකම නිරාවරණය වූයේ 1975 සහ 1979 ලෝක කුසලාන තුළදී ය.2000 සිට 2003 දක්වා ඔහු ශ්රී ලංකා මණ්ඩලයේ ප්රධාන විධායක නිලධාරියා විය.,74y 351d
මයිකල් හියු තිසෙරා,"මාර්තු 23, 1939, කොළඹ",දකුණු අත පිතිකරණය,ලෙග්බ්රේක්,ඔහු සිය පළමු පන්තියේ දෙක දෙක සිය පළමු පන්තියේ ශතවර්ෂ දෙක ලංකාව සඳහා නිල නොවන ටෙස්ට් තරගවලදී කළේය.පළමුවැන්න ඉන්දියාවේ දෙවන නිල නොවන ටෙස්ට් තරගයේදී ඉන්දියාවේ දෙවන නිල නොවන ටෙස්ට් තරගයේදී ඔහු දෙවන ඉනිමේදී ලකුණු 122 ක් රැස් කරමින් ස්ටැන්ලි ජයසිංහ සමඟ සිව්වන කඩුල්ල සඳහා 224 ක් එක් කළේය.,82y 206d
බණ්ඩා බන්ඩං,"මාර්තු 01, 1953, රේම්බර්ස්",දකුණු අත පිතිකරණය,දකුණු අත මාධ්යය,"ශ්රී ලංකාව ප්රමුඛ පෙළේ ටෙස්ට් රූගත කිරීමේ රටක් බවට පත්වූ විට බන්දුල වර්නට ශ්රී ලංකාවේ ප්රමුඛ පෙළේ ගෞරවයක් තිබුණි.ශක්තිමත් තාක්ෂණයක් සහිත ආරම්භක පිතිකරුවෙකු, වර්නපුර ද දක්ෂ මධ්යම වේග පන්දු යවන්නාකි.ශ්රී ලංකාවේ සමාරම්භක පරීක්ෂණයෙන් 38 දෙනෙකුගෙන් යුත් ඉහළම ලකුණු 38 ක් ලබා ගනිමින් ඔහුගේ ටෙස්ට් තරග හතරේ පන්දුවට පහර දීම ගැන හැඟීමක් ඇති කිරීමට ඔහු අසමත් විය.ඔහුගේ පන්දු යැවීම එක්දින ආකෘතියට වඩාත් effective ලදායී විය.ශ්රී ලංකාවේ ආරම්භක වර්ෂවල ශ්රී ලංකාවේ ප්රමුඛ පෙළේ දුෂ්කරතා සම්බන්ධයෙන් චෝදනා ලැබූ වර්නපුර ප්රශංසනීය රැකියාවක් කළේය.කෙසේ වෙතත්, 1982-83 දී දකුණු අප්රිකාවේ කැරලිකාර කණ්ඩායම සමඟ සංචාරය කිරීමට ඔහු තීරණය කළ විට, ඔහුට ශ්රී ලංකා ක්රිකට් ක්රීඩාවෙන් ජීවිත තහනමක් ලබා දෙන ලදී.",68y 228d
සුනිල් රම්සේ ද සිල්වා වෙට්ටිමුනි,"1949 පෙබරවාරි 02, කොළඹ",දකුණු අත පිතිකරණය,දකුණු අත මාධ්යය,"සුනිල් වෙට්ටිමූනි, හිටපු ශ්රී ලංකා ක්රිකට් ක්රීඩකයෙකි.",72y 255d
දේවා ලෝක්ෂ් ස්ටැන්ලි ද සිල්වා,"නොවැම්බර් 17, 1956, අම්බලංගොඩ",දකුණු අත පිතිකරණය,දකුණු අත වේගවත් මාධ්යය,ඔහු සිය එක්දින තරගයට නවසීලන්තයට එරෙහිව නොටින්හැම්හි ට්රෙන්ට් පාලමෙහි ආරම්භ කළේය.පැරණි ට්රැෆර්ඩ් හි පැවති 1979 දී ඉන්දියාව පුරා වාර්තා වූ ශ්රී ලංකාවේ ප්රථම එක්දින ජයග්රහණයේ ද සිල්වා වැදගත් කාර්යභාරයක් ඉටු කළේය.,23y 147d (Died)
රෝයි ලූක් ඩයස්,"ඔක්තෝබර් 18, 1952, කොළඹ",දකුණු අත පිතිකරණය,දකුණු අත ඕෆ්බ්රීක්,"රෝයි ඩයස් ටෙස්ට් මට්ටමින් ශ්රී ලංකාව සඳහා අශෝභන තරඟයක් පැවැත්වූ අතර, අංක 3 හි පන්දුවට පහරදුන්; ලකුණු ලබා නොගෙන ඔහු බොබ් විලිස් විසින් ඔවුන්ව බැහැර කරනු ලැබීය. කෙසේ වෙතත්, දෙවන ඉනිම ඩයස් හි ඉතා අලංකාර 77. ශ්රී ලංකාව ටෙස්ට් තත්ත්වය ලබා ගැනීමේදී දැනටමත් පළපුරුදු පළමු පන්තියේ ක්රිකට් ක්රීඩකයෙක් වන ඩයස් ශ්රී ලංකාවේ ආරම්භයේ ආරම්භයේ දී පන්දුවට පහර දීම සහ දුලීප් මෙන්ඩිස් සමඟ පන්දුවට පහර දීමේ කොඳු නාරටිය විය. පාකිස්තානයට පරීක්ෂණ චාරිකාවේදී පාකිස්තානයට පැමිණෙන පරීක්ෂණ චාරිකාවේදී ඩයස් සිය පංතිය ඉස්මතු කළේය. 4916 දී ලකුණු 295 ක් රැස් කළ අතර, ෆයිසලාබාද් හි 98 ක් ඇතුළුව, පසුව ලාහෝර්හිදී 109 දෙනෙකු පසුපස හඹා යමින්, ඉම්රාන් ඛාන්හි වේග පන්දු යැවීමේ මුහුණක ඔහු වටා කඩා වැටුණි. 1985-86 දී ඉන්දියාව තුළ ඉන්දියාවට වඩා ශ්රී ලංකාවේ මංගල ටෙස්ට් ජයග්රහණය සහ තරග ජයග්රහණය පිළිබඳ ජෙක්ව ජයග්රහණය කළ විට ඩයස්ගේ දායකත්වය තීරණාත්මක විය. දෙවන ටෙස්ට් තරගයේදී ද්විත්ව පනස් ගණන්වලදී ජයග්රහණයක් ආරම්භ කිරීමට ඉවහල් වූ අතර, පසුව ශ්රී ලංකාව සමඟ අවසාන ටෙස්ට් තරගයේ දී ශ්රී ලංකාව ශ්රී ලංකාව බේරා ගත් අතර දිනුම් ඇදීමක් මෙම දිනුම් ඇදීමක් ලබා ගත්තේය. විශ්රාම ගැනීමෙන් පසු, කලක් ශ්රී ලංකාවේ තරගයේදී ඩයස් තම පැතිකඩ පවත්වා ගෙන ගියේය.",68y 362d
සුනිල් අශෝක ජයසිංහ,"ජූලි 15, 1955, මතුගම",දකුණු අත පිතිකරණය,කඩුලු රකින්නා,ඔහු 1979 ලෝක කුසලාන තරඟයේ එක්දින තරග දෙකක ක්රීඩා කළ හිටපු ශ්රී ලාංකික එක් වන ක්රිකට් ක්රීඩකයෙකි.,39y 279d (Died) 
සුදාත් ප්රාජිව් පිස්ට්,"ඔක්තෝබර් 15, කොළඹ 1961",වම් අත පන්දු,දකුණු අත මාධ්යය,ඔහු 1979 ලෝක 0 ඩී.ඩී.අයි.සී.ඊ.,60y 0d
ෆෙඩ්රික් රන්ජන් මැනිලාල් ද සිල්වා ගුණතිලකේ,"අගෝස්තු 15, 1951, කොළඹ",දකුණු අත පිතිකරණය,දකුණු අත මාධ්යය,"1979 ක්රිකට් ලෝක කුසලාන තරගාවලියේදී එක්දින ජාත්යන්තර ජාත්යන්තර (එක්දින තරගයක් (එක්දින) ක්රීඩා කළ හිටපු ගුණතිලකේ, ශ්රී ලංකා ක්රිකට් ක්රීඩකයෙකි.2018 සැප්තැම්බර් මාසයේදී ඔහු ශ්රී ලංකා ක්රිකට් විසින් උපහාර දැක්වූ හිටපු ශ්රී ලංකා ක්රිකට් ක්රීඩකයින් 49 දෙනාගෙන් එක් අයෙකි",70y 61d
රන්ජන් සේනාත් මදුගල්ල,"අප්රේල් 22, 1959, මහනුවර",දකුණු අත පිතිකරණය,දකුණු අත ඕෆ්බ්රීක්,ඔහු 1993 දී අයිසීසී තරග තීරකවරයකු බවට පත්ව ඇති අතර 2001 දී ඔහු පළමු ප්රධාන විනිසුරුවරයා ලෙස පත් කරන ලදී.ඔහුගේ පහසු බාහිර හා ආකර්ශනීය පෞරුෂය දැඩි විනයගරුකයක් ලෙස කීර්තියක් ඇති අයෙකු සඳහා වෙස් මුහුණකි.,62y 176d
අශාන්ත ලැක්සාසා ෆ්රැන්සිස් ඩි තැපැල්,"මැයි 0959, කොළඹ",දකුණු අත පිතිකරණය,දකුණු අත මධ්යම වේගයෙන්,"ඔහු අති නවීනත්වීමේ හැකියාව ලබා ගැනීමේ හැකියාව ඇති බ්රිස්ක් දකුණු පන්දු යවන්නා වූ අතර, අශාන්ත ද මෙල් යනු ශ්රී ලංකාවේ ප්රමුඛ පෙළේ වේග පන්දු පන්දුවරය පූර්ණ පරීක්ෂණ තත්වයට පත්වීමයි.1981-82 දී එංගලන්තයට එරෙහි ශ්රී ලංකාවේ ආරම්භක ටෙස්ට් තරගයේදී ද මෙල් ලකුණු 30 ක් සහ 1 ක් සඳහා ලකුණු 4 ක් ලබා ගත්තේය. පාකිස්තානයේ පහත දැක්වෙන සංචාරයේදී කඩුලු 11 ක් දවා ගත්තේය.1982-83 දී ඉන්දියාවට එරෙහි එක් ඕෆ් ටෙස්ට් තරගයේදී ඔහු දෙවන ඉනිමේදී ලකුණු 5 ක උල්පතක් ලබා ගත් පළමු ශ්රී ලාංකික වේග පන්දු යවන්නා බවට පත්විය.පිතිහරඹය සමඟ, ද මෙල් ඔහුගේ ආක්රමණශීලී ශෛලිය සමඟ පහළ ඇණවුමේ වටිනා දායක මුදල් ලබා දිය හැකි හස්ත රංගන ශිල්පියෙකි.බරපතල දණහිසේ ආබාධයක් 1987 ලෝක කුසලාන තරගාවලියෙන් පසු ඔහුගේ වෘත්තිය නොමේරූ අවසානයකට ගෙන ආ නමුත් පොදුරාජ්ය මණ්ඩලීය ක්රීඩා උළෙලේ පෙනී සිටීම ඇතුළු ශ්රී ලංකාව පාලමෙන් පිරිනමන ලදී.ඔහු ශ්රී ලංකා ක්රිකට් මණ්ඩලයේ අතුරු කමිටුවේ අතුරු කමිටුවේ ද සේවය කළ අතර 19 න් පහළ පැත්තේ ජාතික තේරීම් කමිටුවක් සහ කළමනාකරුවෙකු ද විය",62y 159d
රොහාන් ස්ටැන්ලි අමරසිරිනෙකරා,"දෙසැම්බර් 07, 1957, කොළඹ",දකුණු අත පිතිකරණය,කඩුලු රකින්නා,"1979 දී රොහාන් ජයසේකර එංගලන්තය සංචාරය කළ අතර ශ්රී ලංකා කණ්ඩායම බලවත් පිතිකරුවෙකු හා ස්ටැන්ලි ජයසිංහට ස්ටැන්ලි ජයසිංහ වෙත බලවත් පිතිකරුවෙකු හා වෙන්කිරීමේ කකිරීමක් ලෙස එබඳු ද්විත්ව කාර්යභාරය ඉටු කළේය.කෙසේ වෙතත්, ජයසිංහ වඩාත් කැමති පරිදි ඔහු ලෝක කුසලානය තුළ ක්රීඩා කළේ නැත.ශ්රී ලංකාවේ සමාරම්භක එක්දින තරගාවලියේදී එංගලන්තයට එරෙහිව දිවා කාලයේ එක්දින තරගාවලියේදී ඔහු මංගල්යය පැවැත්වීම, ඔහු කඩුලු 17 ක් ද, ශ්රී ලංකාව ලකුණු 6 කින් පරාජයට පත් කරමින් ලකුණු 17 ක් රැස් කළේය.ඔහුගේ එකම පරීක්ෂණය පාකිස්තානයේ සංචාරය සිදු වූයේ ලාහෝර් හි විශේෂ ist තිකි පිතිකරුවෙකු ලෙස ක්රීඩා කරන අවස්ථාවේදීය.ශ්රී ලංකාව කඩුලු 14 ක් දවාගත් ඉම්රාන් ඛාන් කඩුලු 14 ක් දවා ගත්හ.",63y 312d
සිදාත් වෙට්ටිමුනි,"අගෝස්තු 12, 1956, කොළඹ",දකුණු අත පිතිකරණය,දකුණු අත මාධ්යය,"ටෙස්ට් පිටියේදී ශ්රී ලංකාවේ සමාරම්භක උත්සවයෙන් පසුව සිද්ත් වෙට්ටිමුනි සවිකිරීමේ ස්ථානයේදී සවිකෘත විය. වෙට්ටිමූනි යනු සංයුක්ත තාක්ෂණය සහිත දකුණු අතේ පිතිකරුවෙකි. ශ්රී ලංකාව වෙනුවෙන් ක්රීඩා කිරීමට සහෝදරයන් දෙදෙනෙකුගේ බාලයා වෙට්ටිම්නි ය; ඇත්ත වශයෙන්ම දුර්ලභ අවස්ථාවක ඔහු ටෙස්ට් තරග දෙකකදී තම සහෝදරයා වන මිත්රා සමඟ පිතිකරණය විවෘත කළේය. වෙට්ටිමූනි ටෙස්ට් මට්ටමින් සියවස් දෙකක් තුළ cally තිහාසික වැදගත්කමක් දරයි. ෆයිසලාබාද්හිදී, ශ්රී ලංකාවේ ආරම්භක විදේශ සංචාරයේදී වෙට්ටිම්නි 157 ක් එල්ල කළ අතර දෙවන කඩුල්ල සඳහා රෝයි ඩයස් සමඟ හවුල්කාරිත්වයක් බෙදා ගත්තේය. එය ශ්රී ලාංකික ක්රීඩකයෙකු විසින් ටෙස්ට් මට්ටමින් මංගල ශතකය විය. ලෝඩ්ස් හිදී 1984 දී වෙට්ටිමුනි සිය පෙර උත්සාහය ග්රහණය කරගත්තේ විනාඩි 671 ක මුහුණුවල මිනිත්තු 642 ක් තුළ ය. පුදුමාකාර ආ rokes ාතනය සහ ඉනිමට විරේචක විචලනය කර තිබීම. ඉනිමකින් ඉනිමකින් සිය පන්දුව හරහා ගෙන ගිය පළමු ශ්රී ලාංකිකයා වූයේ 1982-83 දින කිහිපය තුළ නවසීලන්තයට එරෙහිව නවසීලන්තයට එරෙහිව - ඔහු නොදැවී ලකුණු 144 න් 63 ක් රැස් කළේය.",65y 64d
හෙට්ටියාරචිගිගේ මහේස් ගූනාතිලක,"අගෝස්තු 16, 1952, කෙගල්ල",දකුණු අත පිතිකරණය,කඩුලු රකින්නා,පහළ නියෝගයේ කාර්යක්ෂම ග්ලෝවඹුවන් සහ ප්රවීණ පිතිකරුවෙකු වන ගූනතිලෙක් ශ්රී ලංකාවේ කඩුලු රකින්නා වූයේ ටෙස්ට් පිටියේදී ඔවුන්ගේ ආරම්භක අව්යාජ ය.දක්ෂ ක්රීඩකයෙකු වන ගූනැටිලෙක් ශ්රී ලංකාවේ ටෙස්ට් තරගයට පිවිසෙන පැත්තේ සිය තනතුර පිහිටුවන ලදී.කඩුලු පිටුපස විත්තිහක හෝ භ්රමණයට ඔසවා බැලූ කඩුලු පිටුපස දක්ෂතා දක්වන දක්ෂතාකරුවෙකු ලෙස ඔහුගේ රංගනයන්ගෙන් ඔහුගේ රංගනයන් පොරොන්දු වෙමින් තිබේ.පිතිහරඹයත් සමඟ ඔහු පහසු රංගනයන් යම් යම් කාර්ය සාධනයක් ඇති කිරීම සඳහා විශාල ප්රතිරෝධයක් ලබා දුන්නේය.ෆයිසලාබාද් හි දෙවන ටෙස්ට් තරගයේදී පිතිකරණය විවෘත කරන ලෙස ඔහුගේ හැකියාව එවැනි විය.පළමු ඉනිමේදී ලකුණු 27 ක් ලබාගෙන දෙවන ඉනිමේදී ලකුණු 57 ක් රැස් කරමින් ඔහු වටා ඇති පන්දුවට පහර දීමක් ලෙස ස්ටොයික් ප්රතිරෝධයක් ලබා දුන්නේය.1982-83 දී දකුණු අප්රිකාවේ දකුණු අප්රිකාවේ සංචාරය කිරීමට තීරණය කරන විට ශ්රී ලංකාව ගුණාත්මක ක්රීඩකයෙකු සොරකම් කරන ලදී.,69y 60d
අර්ජුන රණතුංග,"දෙසැම්බර් 01, කොළඹ 1963 දෙසැම්බර් 01",වම් අත පන්දු,දකුණු අත මාධ්යය,"අර්ජුන රණතුංග යනු තොග සහිත වම්පස සහිත පිතිකරුවෙකු වන අතර 1996 ලෝක කුසලානය වන 1996 ලෝක කුසලානය වන ශ්රී ලංකාවට විශාලතම ක්රිකට් ජයග්රහණයට නායකත්වය දුන්නේය.ඔහුගේ නව්ය නායකත්වය ක්රිකට් ක්රීඩාවේ ශ්රේෂ් greatest තම ත්යාගය සඳහා තරඟයට පෙර ශ්රී ලංකා කණ්ඩායමක් ලබා ගත්හ.ඔහු ශ්රී ලංකාවේ සමාරම්භක පරීක්ෂණයේදී වයස අවුරුදු 18 දී ආරම්භ වූ අතර ඔහුගේ රටේ පළමු ටෙස්ට් අර්ධ අර්ධ ශතකය බවට පත් කළේය.වසර 20 කට ආසන්න කාලයක් පුරා ලොව පුරා ක්රිකට් පිට්ටරි පිළිබඳ ප්රමුඛ චරිතයක්, ඔහු කිසි විටෙකත් ගැටුමෙන් මිදුණු අතර, ඔහුගේ ක්රීඩකයින් සහ කඳේ අයිතිවාසිකම් ආරක්ෂා කර නොගනී.",57y 318d
ජෝශප් රබින්ද්රන් රත්න,"මැයි 02, 1960, කොළඹ",වම් අත පන්දු,දකුණු අත වේගවත් මාධ්යය,"රවී රත්නායක යනු පිතිකරුවෙකු හා පන්දුව අතේ ඇති වූ තුර්කිය සහ බෝල යන දෙකෙහිම අව්යාජ දස්කම් දැක්විය හැකි ක්රීඩකයෙකි. සජීවී වේගයකින් පන්දු යැවීමේ හැකියාව ඇති දකුණු-හස්තයේ මධ්යම වේග පන්දු යවන්නාට හැකි වන අතර පන්දුව හිතකර තත්වයන්ට ගෙන යන්න. පන්දුව සමඟ ඔහුගේ හැකියාවට ප්රශංසා කිරීම සඳහා ඔහු පහළ නියෝගයේ දී දක්ෂ වම් පිතිකරුවෙකු ද විය. ඔහුගේ වෘත්තිය වර්ධනය වූ විට, ඔහුගේ පිතිකරණයට ඔහුගේ පන්දුවට පහර දුන් විට, ඔහුගේ පිතිකරණය පරීක්ෂණ මට්ටමින් පිතිකරණය විවෘත කරන ලෙස ඉල්ලා සිටි අතර එය සාර්ථකත්වය සමඟ එසේ කළේය. සමහරවිට ඔහුගේ ලොකුම ගුණාංගය ඔහුගේ කීර්තිමත්කම හා අධිෂ් ve ානය වන අතර, සෑම විටම තරඟකාරීත්වයට වඩා අඩු ප්රමාණයකට වඩා සෑම විටම තරඟ කිරීමට කැමැත්තෙන් සිටියේය. 21 හැවිරිදි වියේ පසුවන, රත්මේක් මුලින් තෝරාගෙන ඇත්තේ විශේෂ blace පන්දු යවන්නෙකු ලෙස ය. පාකිස්තානයේ ප්රතිචාර නොදක්වන කඩුලු 4 ක් උපයන ලද අතර එය මිල අධික කඩුලු 4 ක් සහ පිතිකරණයේ කඩුලු 4 ක් දවා ගනිමින් ලකුණු 10 ක් දවා ගනිමින් සිටින අතර එමඟින් ලකුණු ලබා ගැනීම දුෂ්කර වූ අතර එස්එස්සී හි නවසීලන්තයට එරෙහිව ඔහුට ඉදිරි ගමනක් ගියේය ඔහු 42 කට 5 ක් සඳහා ලකුණු 4 ක් ලබා ගත් විට, පාකිස්තානයට එරෙහි පසුගාමී තරගමාලාව විසින් රන්නයික් සිමෙන්ති සක්රීය කර ඇත්තේ පන්දුව සමඟ ආකර්ෂණීය සංදර්ශන සහ ඔහුගේ සදහටම වැඩිදියුණු කරන පිතිකරණයෙන් ය. සියල්කොට් හි දී ඔහු පාකිස්තාන ඉනිම 83 කට ලකුණු 83 කට දැවී ගිය විනාශකාරී සංදර්ශනයක් නිෂ්පාදනය කළේය. මෑත කාලය වන තෙක් සියලුම ශ්රී ලාංකික පන්දු යවන්නන් සඳහා මිණුම් ලකුණ ඉතිරි වේ. 1985 සිට 86 දී ඉන්දියානු සංචාරයේදී ආරම්භක ස්ථානයට තල්ලු කර ඇති අතර, රත්මේක් අමතර වගකීමට ප්රතිචාර දැක්වීය. නව පන්දුව සමඟ සටන් කිරීම ඔහුගේ ආරම්භක ඉනිමේදී ඔහු සිරුත් වෙට්ටිමුනි සමඟ 159 ක් එකතු කරමින් ලකුණු 93 ක් රැස් කළේය. පසුව සුපිරි තෙත් සංදර්ශනයක කඩුලු 4 ක් දවා ගත්තේය. දෙවන ටෙස්ට් තරමේදී, ශ්රී ලංකාව යටත් වූ ශ්රී ලංකාව ඔහු 54 දෙනා සමඟ ස්ථිර ඉහළ ලකුණු 54 ක් ලබා ගත්තේය. ඔහු කප්ටැක් හි පැවති අවසන් ටෙස්ට් තරගයේදී අවසන් ටෙස්ට් තරගයේදී ලකුණු 5 ක් සඳහා කැපී පෙනෙන මාලාවක් ලකුණු 5 ක් සම්පූර්ණ කළේය. මෙම අධිෂ් ve ානය හා තරඟකාරී ස්වභාවය ඕස්ට්රේලියාවට එරෙහි සිය මාලිමතුවේ ඉස්මතු විය. ඕස්ට්රේලියාව ශ්රී ලාංකිකයන් තලා දැමූ බැවින් 1988 දී ඔහු සිය ශ්රී ලාංකිකයන් විසින් ශ්රී ලාංකිකයන් තලා දැමීමත් සමඟම දක්ෂ ලෙස වෙහෙස මහන්සි වී වැඩ කළහ. පිතිහරඹය සමඟ ඔහු ලකුණු 28 ක් සහ 34 ක් ලබා ගත් අතර ඉතිරි පිතිකරණයේ ඉතිරි කොටස ලැබුණි. ඕස්ට්රේලියාවේ මීළඟ මාලාවේදී, ඔහුගේ වෘත්තීය දිවියේ අවසාන ශ්රේණියේ ඔහු අරමුණින් පන්දුවට පහර දුන් අතර ශ්රී ලංකාව ඔවුන්ගේ විශාලතම අවශ්යතාවෙහි සිටියදී ශතක දෙකක් රැස් කළේය.",61y 166d
රොජර් ජෙරාඩ් ක්රිස්ටෝපර් එඩිරිවීර විජේසූරිය,"පෙබරවාරි 18, 1960, මොරටුවා",දකුණු අත පිතිකරණය,මන්දගාමී වම් අත ඕතඩොක්ස්,"ශ්රී ලංකා වම්පස වමතින් දඟ පන්දු යවන ක්රීඩක රොජර් විජේසූරිය ටෙස්ට් ඉතිහාසයේ වඩාත්ම දත් නැති පන්දු යවන්නා බවට ප්රකාශයක් තිබේ.ඔහු 1982 සිට 1986 දක්වා ටෙස්ට් තරග 4 ක් ක්රීඩා කළ අතර සෑම පන්දු 586 ක දුරක් කඩුල්ලක වැඩ වර්ජන අනුපාතයක් ලබා ගත්තේය.සාමාන්යයෙන් එය කඩුල්ලක් ලබා ගැනීම සඳහා විජේසූරිය 97 කදී කඩුල්ලක් ලබා ගත්තේය.වෙනත් වචන වලින් කිවහොත්, දින පහක පරීක්ෂණයකින් ඔහු දෙදෙනාම පන්දු යැවූයේ නම්, තරගය අවසන් වන විට විරුද්ධත්වය හතරක් පමණි ... ඔවුන් ලකුණු 1355 ක් රැස් කිරීමට ඉඩ තිබුණි.පාකිස්තානයට එරෙහි U19 මාලාවක කඩුලු 25 ක් දවාගත් අවස්ථාවේදී ඔහු මීට පෙර වැඩි ශබ්දයක් ඇති කළේය.",61y 240d
වින්හෝඩින් ඇඳේ ජෝන් (වයිනෝ ජෝන් බාදිසිංහැම්),"මැයි 27, 1960, කොළඹ",දකුණු අත පිතිකරණය,දකුණු අත මධ්යම වේගයෙන්,"විනෝඩ් ජෝන් කෙටි නමුත් සාර්ථක ජාත්යන්තර වෘත්තියක් තිබුණි.ශක්තිමත් මාධ්ය වේග පන්දු යවන්නා වන ජෝන් 1982-83 දිනට ක්රයිස්ට්චර්ච් හි නවසීලන්තයට එරෙහිව සිය මංගල සංවිධානය ආරම්භ කළේය.දෙවන පරීක්ෂණයෙන් වසර 60 කට 5 කට 5 ක් පමණ උසින් 5 ක් ලබා ගත්හඔහුගේ අවසන් ටෙස්ට් තරගය වන එංගලන්ත තරගයේදී ඔහු සිය අවසන් ටෙස්ට් තරගය, මුළු හදවතින්ම රංගන පන්දු ලකුණු 39.1 කදී ලකුණු 98 ක් රැස් කරමින් කඩුලු 4 ක් දවා ගත්තේය.එක්දින ආකෘතියෙන් ඔහු සාධාරණ ආර්ථික අනුපාතයක් පවත්වා ගත්තද ඔහුට සාර්ථකත්වයක් ලැබුණි.",61y 141d
රූමේෂ් ජෝශප් රත්නායක,"ජනවාරි 02, 1964, කොළඹ",දකුණු අත පිතිකරණය,දකුණු අත වේගවත් මාධ්යය,"මෙම වික්රම රත්නායක යෞවනයා ලෙස සිය මංගල්යය ලබා දුන් අතර වේගයෙන් ජනනය කර ඔහුගේ කසබලන ක්රියාවෙන් වේගයෙන් ගමන් කිරීමේ හැකියාව ප්රදර්ශනය කළේය.අසූව දශකයේ අග භාගයේ සහ අනූව දහනව වන පිතිකරුවාට සජීවී වේගයකින් නව පන්දුව පැද්දීමත් සමඟ රත්නායක නිරන්තරයෙන් රංගන ශිල්පියෙකි.කෙසේ වෙතත්, තුවාල හේතුවෙන් ඔහුට කිසි විටෙකත් තම හැකියාවන් ඉටු කර ගැනීමට නොහැකි වුවද, ඔහු ටෙස්ට් ක්රිකට් ක්රීඩාවට නැවත පැමිණීමට අධිෂ් mination ානයක් පෙන්නුම් කළද, ඔහු තම බාල දිනවල මෙන් එකම පන්දු යවන්නා නොවීය.එසේ වුවද ඔහු කදිම පරීක්ෂණ පන්දු යවන්නා වූ අතර දිවයින ජාතිය විසින් නිපදවන ලද වඩා හොඳ වේග පන්දු යවන්නෙකි.පහළ පෙළේ රත්නායකගේ දක්ෂ පහරක් එල්ල කරන්නා පිතිහරඹයේ හැඩගැස්වීය.",57y 286d
රොනල්ඩ් ගයි ද අල්විස්,"පෙබරවාරි 15, කොළඹ 1960 කොළඹ",දකුණු අත පිතිකරණය,කඩුලු රකින්නා,"අංක 1 කඩුලුම් රත්රර් නඩත්තු කිරීම සඳහා ද අල්විස් අමල් සිල්වා සමඟ නිරන්තර ගැටුමක් ඇති විය. තරමක් උස, ද අල්විස් උසස් නිලධාරියෙකු ලෙස සලකනු ලැබූ නමුත් සිල්වා පිතිකරණ කණුවල ඉහළ අතක් දිගු කලකින් තබා ඇත. මේ වන ගොනතිලකේගේ ඩිවිස් 1982-83 නවසීලන්තයේ සංචාරයේදී සිය මංගල උත්සවය සඳහා ද අල්විස්ට සිය මංගල උත්සවය ලබා දුන්නේය. ක්රයිස්ට්චර්ච් හි පළමු ටෙස්ට් තරමේ පළමු ටෙස්ට් තරගයේදී, ඩි අල්විස් ලකුණු 0 ත් 3 ත් අතර අල්ලා ගත් අතර එක් ඇල්ලුවක් ගත්තේය. නවසීලන්තය ශ්රී ලංකාවට සංචාරය කළ විට ඩි අල්විස් ටෙස්ට් තරග තුනේම පවත්වා ගත්තද, අමල් සිල්වා වඩාත් කැමති විය. ඩි අල්විස්ගේ කටයුතු ආදර්ශවත් වූ අතර ඔහු ඒවා හරවා යැවීමට නොහැකි වූ පහළ නියෝගයේ දී සමහර ක්රියා ලකුණු කිහිපයක් කළේය. 1984 එංගලන්තයේ සංචාරය සඳහා එංගලන්ත සංචාරයේදී ඔහුට ඔහුගේ ස්ථානය අහිමි වූ අතර, සිල්වාට ස්වාමිවරුන්ගේ විශාල පරීක්ෂණයක් කර ඇති අතර ඉන් අනතුරුව. ඔහුගේ වැඩිදුර පරීක්ෂණ වලදී - සිල්වා තුවාල ලැබූ විට හෝ අසනීපව සිටින විට - ඩි අල්විස් වෙහෙසකර හැර, ඔහුගේ පිතිකරණය ප්රමිතියට වඩා අඩු විය. එක්දින ක්රීඩාවේදී ඩි අල්විස් තරමක් ප්රයෝජනවත් පහළ ඇණවුම් පිතිකරුවෙකි.",52y 332d (Died)
Ellekutige rufus nemesion susil fernando,"දෙසැම්බර් 19, 1955, කොළඹ",දකුණු අත පිතිකරණය,පන්දු යැවීම නොවේ,1983 සිට 1984 දක්වා ටෙස්ට් තරග 5 ක් සහ එක්දින තරග 5 කදී ක්රීඩා කළේ කවුද?,65y 300d
යොහාන් ගොනාසේරා,"නොවැම්බර් 08, 1957, කොළඹ",වම් අත පන්දු,"වම් අත මධ්යම, මන්දගාමී වම් අත ඕතඩොක්ස්","බොහෝ ක්රීඩකයින්ගෙන් එක් අයෙකු 1982/83 නවසීලන්තයේ තරඟාවලියට අවස්ථාවක් ලබා දී ඇති අතර එය ගූනසේකරගේ එකම ජාත්යන්තර තරගාවලිය බව ඔප්පු විය.ශ්රීමත් රිචඩ් හැඩලී, චැට්ෆීල්ඩ් සහ ෂෙනීඩ් යන කේන්ද්ර, චැට්ෆීල්ඩ් සහ ෂෙනීඩන් යන අය සර් රිචඩ් හැඩලී, චැට්ෆීල්ඩ් සහ ෂෙනඩ් යන රටවල ශ්රීමත් රිචඩ් හැස්ලි, චැට්සන් සහ ෂෙනඩන් යන මහත්වරුන්ට එරෙහිව විදුලි පංතියකට එරෙහිව ටොර්ඩ් ඔහු සතුව තිබුනේ නම් ඔහුගේ ලකුණු එක් එක් ඉනිම වැඩිදියුණු විය.දශකයකට පසු දශකයකට පසුව හෂාන් තිලකරත්නගේ සමාන ශ්රී ලාංකිකයෙකු විසින් වාර්තා කරන ලද ශ්රී ලාංකිකයෙකු විසින් වාර්තා කරන ලද ශ්රී ලාංකිකයෙකු විසින් කරන ලද ශ්රී ලාංකිකයෙකු විසින් වන ශ්රී ලාංකිකයෙකු විසින් වාර්තා කරන ලද ශ්රී ලාංකිකයෙකු විසින් වන ගූනසේකරගේ කැපී පෙනෙන ජයග්රහණයන්හි දෙවන ඉනිමේදී ගුණනසේකරගේ ජයග්රහණයන් සිව්දෙනෙකු සිහිපත් විය.වම් අත පිතිකරුවා එක්දින තරගාවලියේදී වැඩිදියුණු කළ ශ්රේණියක් තිබුණද, තේරීම් කමිටුවට ඔහු සමඟ නොපසුබට උත්සාහයක් ලබා දීමට ප්රමාණවත් නොවීය.",63y 341d
මිත්රා ද සිල්වා වෙදිපූනි,"ජුනි 11, 1951, කොළඹ",දකුණු අත පිතිකරණය,පන්දු යැවීම නොවේ,"මිතිතු තෙත්මුනිගේ ක්රිකට් දිවිය - පළමු පන්තියේ පෙනී සිටම ඔහුගේ පළමු පන්තියේ පෙනී සිටීම නවයෙන් යුක්ත වූ අතර එය 2008 ට වඩා 1982-833 දී මාස හතරකට වැඩි කාලයක් ගත විය.බිහිසුණු දකුණු පසෙන් යුත් පිතිකරුවා වන ඔහු සිය පළමු පන්තියේ පංතියෙන් පනස් දෙනෙකු ලකුණු පනහක් ලබා ගත් නමුත් ඔහුගේ ඉතිරි ඕනෑම දුරක් තුළ එසේ කිරීමට අපොහොසත් විය.එසේ තිබියදීත්, නවසීලන්ත සංචාරය කිරීමට ඔහු තෝරා ගනු ලැබූ ඔහු, ඉනිම හතරකින් ඔහු ලකුණු 28 ක් රැස් කළ එම සංචාරය පිළිබඳ ටෙස්ට් අභිලාෂයන් දෙදෙනා ලකුණු 28 ක් රැස් කළේය.ඔවුන් ඔහුගේ අවසාන පළමු පන්තියේ තරඟ විය.මෙම ක්රීඩා වල පළමු අවස්ථාවේ දී ඔහු ඉනිම ඔහුගේ බාල සොහොයුරා වන සිද්ත් සමඟ ඉනිම විවෘත කළේය - සහෝදරවරුන්ගේ තුන්වන අවස්ථාව පමණි.ඔවුන්ගේ වැඩිමහල් සහෝදරයා වන සුනිල් ටෙස්ට් තත්ත්වය ලබා ගැනීමට පෙර ශ්රී ලංකාව වෙනුවෙන් ද ක්රීඩා කළේය",67y 223d (Died) 
ශ්රීඩාරාන් ජගනාදන්,"ජූලි 11, 1951, කොළඹ",දකුණු අත පිතිකරණය,මන්දගාමී වම් අත ඕතඩොක්ස්,"මියයෑමට පළමු ශ්රී ලාංකික ටෙස්ට් ක්රීඩකයා, තුන් ඉරියව් මාරුවැති ශ්රිහ්මහාරන් ජෙගනාතාන් මැයි 14 වන දින මැයි 14 වන දින අභාවප්රාප්ත විය. 1982-83 දී සීලන්ඩ්. ඔහුගේ බලාපොරොත්තු සුන්වීම ඔහුගේ ලකුණු 19 (4.75) අතර තනි ලකුණු ලකුණු හතරක් ඇතුළත් වූ අතර කඩුල්ලක් ගැනීමට ඔහු අසමත් විය. ටික වේලාවක් නොසලකා හරින ලද 1987 ඉන්දියාවේ සහ පාකිස්තානයේ ලෝක කුසලානය සඳහා බටහිර ඉන්දීය කොදෙව්හි රිචයි රිචඩ්සන් විසුරුවා හැරීම සහ කඩුලු (ගූච් සහ රොබින්සන් යන දෙකම එංගලන්තය විසින් පූනේහි දී ලබා ගත්හ. ඔහුගේ 45 කට ඔහුගේ 2 දෙනා එක්දින තරග පහක උපරිම පන්දු යැවූ අතර, ඔහු කඩුලු 5 (41.60) කඩුලු 5 ක් දවා ගනිමින් ලකුණු 25 ක් රැස් කළේය (8.33). ජෙගනාදන් 1979 දී සමාරම්භක අයිසීසී කුසලානය දිනාගත් කණ්ඩායම සමඟ කණ්ඩායම සමඟ සංචාරය කර ඇති අතර, නොටින්හැම්ෂයර්ට එරෙහිව 92 කට ලකුණු 42 කට දැවී ගියේය. සෑම විකක්ෂනයක ක්රිකට් ක්රීඩාවේදී ඔහු කඩුලු 49 ක් (31.61) ක් දවා ඇති අතර 13.66 දී ලකුණු 437 ක් රැස් කළේය. 1982-83 සංචාරයේදී 74 හැවිරිදි ඔහුගේ වැඩිම ලකුණු ප්රමාණය 1982-83 සංචාරයේදී ඩෙවන්මේරියාවට එරෙහිව: ඔහු කඩුලු 8 කට ලකුණු 140 ක් රැස් කළේය. පසුව ඔහු මැලේසියාවේ ජාතික පුහුණුකරු බවට පත්විය.",44y 308d
ග්රැන්විල් නිසාන්කා ද සිල්වා,"මාර්තු 12, 1955, කොළඹ",දකුණු අත පිතිකරණය,දකුණු අත වේගවත් මාධ්යය,ඔහු 1983 සිට 1985 දක්වා කාලය තුළ එක්දින තරග 4 ක් ක්රීඩා කළ ශ්රී ලාංකික හිටපු ක්රිකට් ක්රීඩකයෙකි.,66y 217d
ඩෑන් සාර්ඩි බ්රෙන්ඩන්,"ජනවාරි 05, 1962, කොළඹ",දකුණු අත පිතිකරණය,කඩුලු රකින්නා,"නවසීලන්තයට එරෙහිව, නවසීලන්තයට එරෙහිව, ඔහුගේ ටෙස්ට් තරගයට එරෙහිව, ඔහුගේ ටෙස්ට් තරගයේදී, ශ්රී ලංකා කඩුලු ුගිලකෙය්ස්-බ්රෙන්ඩන් කුරුප්පු මත ශ්රේෂ් ness ත්වය තදින් තල්ලු කළ නමුත් දිනක් හෝ දෙකක් පමණි..කුරුප්පු එයද අමාරුවේ දරුණා: ඔහුගේ මිනිත්තු 777 ඉනිම පළමු පන්තියේ ඉතිහාසයේ මන්දගාමී ද්විත්ව ඉතිහාසයේ මන්දගාමී වූ ද්විත්ව ඉතිහාසයේ, පසුව සියල්ලෝම එක්දින සටන් විද්යාගාරයක් ලෙස ඔහුගේ කීර්තියක් ඇති කළහ.එය ඔහුගේ පළමු පළමු පංතියේ ශතවර්ෂය වන අතර ඔහුගේ අවසන් වරට ටෙස්ට් සියවසේ: කුරුප්පු 1988 සහ 1991 දී එංගලන්තයේ ටෙස්ට් තරග හතරක්, ඔවුන්ගෙන් දෙදෙනෙකු වන පරීක්ෂණ හතරක් පමණි.",59y 283d
MateTipajaatha Rohit: samarszaka,"අගෝස්තු 05, 1961, කොළඹ",දකුණු අත පිතිකරණය,දකුණු අත මාධ්යය,"අතුල සමරසේකරගේ තීන්දුවකි. පටි. අතේ පන්දුවට පහර දීමත් සමඟ ඔහු බලවත් වැඩ වර්ජන සඳහා දක්ෂ වූ අතර එය මධ්යම වේග පන්දු යවන්නාට වඩා වැඩිය. සමරසේකර සිය වෘත්තීය ජීවිතය සඳහා අවුල් සහගත ආරම්භයක් ලබා දුන් අතර, ඔහුගේ එක්දින ජාත්යන්තර තරගයේ තාරාවෙකු ලකුණු ලබා ගත්තේය. ඔහුගේ ටෙස්ට් තරගයේදී ඔහු රංගනය මැඩපැවැත්වීම, පළමු ඉනිමේදී තාරාවෙකු සඳහා සේවයෙන් පහ කිරීම. දෙවන ඉනිමේදී ඔහු ලාක්ෂණික වශයෙන් ඉනිමක වාදනය කළ 57 ක් සෑදීම 57 ක් වන අතර එය සීමාවන් ගණනාවකින් විරාම ලකුණු වේ. ඔහු පොරොන්දු වූ මැනීමේ තරගය කඩුලු 2 ක් ග්රහණය කර ඇදී යන කරුණු දෙකක් රැගෙන ගියේය. පන්දු යැවීම ආධිපත්යය දැරීමට සූදානම් බව පෙනෙන විට සමරසේකර නෙලා දැමූ නමුත් බොහෝ විට දිවි නගා ඇත. ඔහු ලකුණු කළ විට, ඔහුගේ ආක්රමණශීලී ශෛලිය සමඟ ඔහු උපරිම විනෝදාස්වාදය ලබා දෙන විට නැරඹීම වටී. කණ්ඩායමේ ස්ථිර තනතුරක් මුළුමනින්ම ස්ථාපිත කිරීමට කිසි විටෙකත් සමරසේකර සිය ජාත්යන්තර ජීවිතය අවසන් කිරීමට තීරණය කළේ බංග්ලාදේශයේ වෘත්තීය ක්රිකට් ක්රීඩාව භාර ගැනීමට තීරණය කිරීමෙනි.",60y 71d
පින්නඩු දින සිල්වා පින්නාදුව වෙනුවෙන්,"ඔක්තෝබර් 17, කොළඹ 1965 ඔක්තෝබර්",දකුණු අත පිතිකරණය,දකුණු අත ඕෆ්බ්රීක්,"ක්රීඩාවේ හොඳම විනෝදාස්වාදකයින්ගෙන් එකක් වන ද සිල්වා උසම කෙටි ලකුණු ලාභීන් බොහෝ දෙනෙකුගේ ශක්තීන් සිල්වා ඇත: නොපැහැදිලි හා සම්බන්ධ වීම, කප්පාදු කිරීම හා සම්බන්ධ වීම, පසුතැවිලි නොවූ ප්රහාරකයෙක්.ලෝක කුසලාන අවසන් මහා තරගාවලියේදී ජයග්රාහී ශතවර්ෂයකු සමඟ ඔහුගේ වාර්තාව රටවැසියන් අතර ඇති වූ වාර්තාව අසනීප වේ.ඔහු 5 1/1 / 2in සිටගෙන සිටින අතර වඩා හොඳ කුඩා ක්රීඩකයෙකු නොමැති බව තර්ක කළේය.ඔහුගේ උද්යෝගය පුදුමාකාරයි: ඔහු ශ්රී ලංකා පැත්තේ මෙතෙක් මෙතෙක් සිටි අථත්යයක් වූ අතර එංගලන්තයේ සහ ඕස්ට්රේලියාවේ පළමු පන්තියේ හා සමාජීය ක්රිකට් ක්රීඩා කළේය.ඔහුගේ ජාත්යන්තර ජීවිතය 2003 ලෝක කුසලානය සමඟින් අවසන් වූ අතර, එහිදී ඔහු සියලු දුකෙන් හා පැරණි අරුචි සමඟ පන්දුවට පහර දුන් අතර ඔහුගේ පුපුරා ගියන් කැටයම් කළේය.ශ්රී ලංකාවේ ක්රිකට් බලධාරීන් සිය ක්රිකට් අත්දැකීම්වල ධනය නාස්ති වී ජාතික තේරීම් කමිටුවක් පත් නොකරන බව සහතික විය.ඔහුගේ අනෙක් ප්රධාන අවශ්යතා කේක් සහ කාර් (සාමාන්යයෙන් වේගවත් ඒවා) ය.",55y 363d
ෂාවුල් හමීඩ් uvais karnain,"අගෝස්තු 11, 1962, කොළඹ",දකුණු අත පිතිකරණය,දකුණු අත මාධ්යය,"දකුණු-හස්තයේ මධ්යම වේග පන්දු පන්දු යවන්නා සහ පහළ පෙළේ පැවති පිතිකරුවෙකු කන්නේ එක් දින මට්ටමින් කානින්ට කැනන් හස්තල් ඉරියව් ක්රීඩකයෙකු බවට පත්වීමේ සලකුණු පෙන්නුම් කළේය.මොරටුවා හි ඩොටුවා හි ඩයිසි කඩුල්ලක් සම්බන්ධයෙන් කර්නන් නවසීලන්තයට එරෙහිව නවසීලන්තයට එරෙහිව සිත් ඇදගන්නා සුළු ද පිවිසීය.පිතිහරඹය සමඟ ඔහු අර්ජුන රණතුංග ශ්රී ලංකාවට ලකුණු 28 ක් ලබා ගැනීම සඳහා ලකුණු 28 ක් ලබා ගැනීමට උදව් කළේය.5 ටුවල් 26 කට ග්රහණය කරගත් නව පන්දුව හරහා ඔහු කිවි ලකුණු 26 කට දැවී ගියේය.1984-85 වර්ල්ඩ් ඕස්ට්රේලියාවේ ලෝක ශ්රේණි චාරිකාවෙන් පසුව ක්රිකට් ක්රීඩාවේ ලෝක ශූරතාවලියට පසුව ඔහු දිගින් දිගටම හිතාමතා තට්ටු කිහිපයක් වාදනය කරන අතර ඔහුගේ මධ්යම වේගයෙන් ඔහුගේ මධ්යම වේගයෙන් ප්රයෝජනවත් විකල්පයක් ලබා දුන්නේය.ඔහුගේ මසින් වූ මසගේ හිසට අනුව ජීවත් වීමට කිසි විටෙකත් නොහැකි වුවද, ඔහු පන්දුව සමඟ ප්රශනීය සහ ඔහුගේ සීමිත ඕවරීය වෘත්තියේදී පෝෂණය විය.",59y 65d
ෂෙෆයත්හි අමල් රෝහිතා සිල්වා,"දෙසැම්බර් 12, 1960, මොරටුවා",වම් අත පන්දු,දකුණු අත ඕෆ්බ්රීක් කඩුලු රකින්නා,අමල් සිල්වා ශ්රී ලාංකික කණ්ඩායම සමඟ තම කාලයේ අත්යවශ්ය භූමිකාවන් දෙකක් පිරවූ අතර ඔහු යන දෙකම ශෛලියෙන් යුතුව කටයුතු කළේය.දක්ෂිණ බාහිර පිතිකරුවෙකු හා දක්ෂ කඩුලු රකින්නා වන සිල්වා කඩුලු රකින්නා ලෙස සිය භූමිකාව සමඟ ඒකාබද්ධ කරන ලෙස ඉල්ලා සිටියේය.,60y 307d
ඩඩ්ලි මාලන් වොන්හාජ්,"මාර්තු 31, 1965, කළුතර",දකුණු අත පිතිකරණය,දකුණු අත මාධ්යය,ආරම්භක පිතිකරුවෙකු වන මාලන් වොන්ගට් ඕස්ට්රේලියාවේ ශ්රී ලංකාවේ එක්දින පැතිමමින් ආරම්භ වූයේ 1984-85 වයස අවුරුදු 19 වන විට 1984-85 හැවිරිදි එංගලන්තයේ හොඳ චාරිකාවක ශක්තිය මත පැත්තකට තෝරාගත් බවයි. නමුත් ඉන් පසුව පෙනී සිටීම සීමිතයි - ඔහු සියල්ලෝමනමුත් 1986 න් පසු සෙල්ලම් කිරීම නැවැත්වූ අතර 1988-89 දී මුවර්ස් ක්රීඩා සමාජය සඳහා තරඟ තුනක් සඳහා නැවත පැමිණීම යම් සාර්ථකත්වයක් ලබා ගනිමින්.,56y 198d
ෆ්රැන්ක්ලින් සාලියා අහන්ගම,"සැප්තැම්බර් 14, 1959, කොළඹ",වම් අත පන්දු,දකුණු අත මාධ්යය,ෆ්රැන්ක්ලින් සාලියා අහංගම ශ්රී ලාංකික ටෙස්ට් පාර්ශවයට උල්කාපාත ඉහළ ගියේය.1985-86 දී ශ්රී ලාංකික කෝල්ට් සඳහා ඔහුගේ පළමු පන්තියේ ආරම්භය වූ පසු සති දෙකකට පසු සති දෙකකට පසු ඉන්දියාව සෙල්ලම් කිරීම සඳහා ටෙස්ට් පාරට තල්ලු කර තිබේ.109 ට 59 කට තරඟ විශ්ලේෂණයක් සහිත මොහොමඩ් අෂාදර්ඩින් කඩුලු ලබා ගනිමින් ටෙස්ට් ක්රිකට් ක්රීඩාවට ජයග්රාහී ප්රවේශයක් ලබා ගත්තේය. මහනුවර තෙවැනි ටෙස්ට් තරගයේදී ඔහු ලකුණු 52 කට දැවී ගියේය.19.33 කදී කඩුලු 18 ක් සමඟ මාලාවක්.ශ්රී ලංකාවේ ටෙස්ට් ක්රිකට් හිඟය නොමැතිකම නිසා ඔහුට තවත් බොහෝ දේ පෙනී සිටීම වළක්වා ඇති අතර 1988 සහ 1991 දී එංගලන්තය සංචාරය කළ නොහැකි විය.ඔහු පසුව රූපවාහිනී විචාරකයෙකු ලෙස විකාශනය කරා ගෙන ගියේය.,62y 31d
ගුරුසින් යන ගුරුසින්,"සැප්තැම්බර් 16, කොළඹ 1966",වම් අත පන්දු,දකුණු අත මධ්යම කඩුලු රකින්නා,"තාක්ෂණික වශයෙන් ඉටු කරන ලද අංක 3, අසංකා ගුරුසිංහ මහතා ශ්රී ලංකා පිතිකරණය වසර 11 ක් ආරම්භ කළ පර්වතයයි.ඔහුගේ කට්සි හුදකලා හුදකලා සටන් ලොව පුරා විරුද්ධවාදීන්ගේ ගෞරවය දැක්වීය: 1990-91 දී චන්දිගාර්හි ශ්රී ලාංකික 82 ක් නොදැවී ගුරුසුනි අර්ධ ශතවර්ෂයක් අඩංගු විය.1995-96 දී මෙල්බර්න්හිදී ඔහු 143 හැවිරිදි ඔහුගේ කණ්ඩායමේ සහකරුවන්ගේ ලකුණු 144 ක් රැස් කළේය.අරවින්ද ද සිල්වාගේ උදව්වෙන් ඔහු 1996 ලෝක කුසලාන අවසන් මහා තරගයේදී තවත් අඩ සියවසක් සමඟ ඕස්ට්රේලියාවට මේස තැබීය.ඔහු කඩුලු රකි පාලකයෙකු ලෙස යෞවනයෙකු ලෙස ටෙස්ට් ක්රිකට් ආරම්භ කළ නමුත් ලෝක කුසලාන භෝජන සංග්රහයක් ලෙස, දැන් ඔහු ජීවත් වන ක්ලබ් ක්රිකට් කන්නයේ කන්නයේ පුහුණුව සඳහා ආපසු ගෙවීම ප්රතික්ෂේප කිරීමෙන් පසුව විශ්රාම ගියේය.ඔහුට නරක අතට හැරුණා",55y 29d
සාන්ග්රෑෆ් දොන් අනුරසිරිලි,"පෙබරවාරි 25, 1966, පැනදුර",දකුණු අත පිතිකරණය,මන්දගාමී වම් අත ඕතඩොක්ස්,"ස්ථාවර වම් පසින් ඕතඩොක්ස් දඟ පන්දු යවන්නෙකු වන දොන් අනුරසිරි ස්ථිතික ජාත්යන්තර වෘත්තියක් තිබුණි. ඔහුගේ ජාත්යන්තර තරගය වයස අවුරුදු 20 දී ඔහුගේ ජාත්යන්තර තරගය කළ පසු, ඔහු ස්ථිර තනතුරක් සිමෙන්ති සිමෙන්ති අතුගා දැමීම asons තු ගණනක් asons තු සඳහා කණ්ඩායමේ මායිම වටා සිටියේය. ටෙස්ට් මට්ටමින් ඔහු මුළු හදින්ම රංගන ශිල්පියෙකු ලෙස හැඳින්වූ විට ඔහුගේ පන්දු යැවීම ටෙස්ට් තරග 18 කදී ඔහු කිසි විටෙකත් කඩුලු 5 තොගයක් නොගත් බව අවධාරණය කළේය. තිරසාර නිවැරදි පන්දු යැවීම, පියාසර කිරීමට කැමැත්ත සහ පන්දුව හැරවීමට කැමැත්තෙන් සිටින, පන්දුව හැරවීමට කැමැත්තෙන් සිටින බව අනුරසිරි ප්රතිචාර නොදැක්වීම සඳහා බොහෝ විට භාවිතා කරන ලදී. සංචාරක ඕස්ට්රේලියානුවන්ට එරෙහිව ඔහුගේ වඩාත්ම සාර්ථක තරගාවලියේදී කඩුලු 10 ක් දවා ගත්තේය. 1994 දී ඔහු ශ්රී ලංකා මණ්ඩලයේ ශ්රී ලංකා මණ්ඩලයට පැමිණි අනුරසිරිගේ වෘත්තිය වසර හතරකට පසුව 1997-98 දින අවසන් ටෙස්ට් තරගයේදී සිම්බාබ්වේට එරෙහිව පුදුමයක් ඇති කළේය. පන්දුව පන්දුව පන්දුව පන්දුවට පහර දීමෙන් පරාජිත මුරලිදරන් සඳහා ස්ථිර තීරුවක් ලබා දුන් අතර, 45 සහ 1 සඳහා ලකුණු 45 ක් සහ 41 ක් සඳහා ලකුණු ලබා ගත් අතර, එම ක්රියාවලියේදී ශ්රී ලංකාවට ජයග්රහණය කිරීමට උපකාරී විය. නමුත් ඔහු ක්රීඩා කළේ තවත් පළමු පන්තියේ ක්රීඩා තුනක් පමණි. ඔහුගේ අවසාන පරීක්ෂණ පෙනුමෙන් සති හයක් ඇතුළත ඔහුගේ වෘත්තිය අවසන් විය.",55y 232d
Ash ෂ්ලි මැතිව් ද සිල්වා,"දෙසැම්බර් 03, කොළඹ 1963 දෙසැම්බර්",දකුණු අත පිතිකරණය,කඩුලු රකින්නා,"පළපුරුදු ගෘහ වාදකයෙකු ශ්රී ලංකාව වෙනුවෙන් ක්රීඩා කිරීමට තෝරාගත් විට ද සිල්වා ජාත්යන්තර මට්ටමින් ගඳ ගසමින් කෙටි එකක් විය.ඔහුගේ පළමු පන්තියේ ආරම්භය 1984 දී ද සිල්වා 190 දශකයේ සහ 90 දශකයේ මුල් භාගයේ කොළඹ ක්රිකට් සමාජයේ ස්ථාවර රංගන ශිල්පියෙකු බවට පත් කළේය.ගුණාත්මක පරීක්ෂණ කඩුලු රකින්නෙකු සංවර්ධනය කිරීමට ශ්රී ලංකාව අපොහොසත් වීම නිසා එංගලන්තයට එරෙහි පරීක්ෂණය සඳහා ද සිල්වාට ඇමතුමක් ලැබේ.ශ්රී ලංකාව සිය පළමු ටෙස්ට් ජයග්රහණය ඉංග්රීසි, ද සිල්වා ලකුණු 9 ක් ලබා ගනිමින් ලකුණු 9 ක් රැස් කළේය.ද සිල්වාගේ පිතිකරණය අසාර්ථක වූයේ තම ඉන්ඩිං කිහිපය තුළ ජාත්යන්තර මට්ටමින් ආකර්ෂණය වීමට, ඕනෑම ඉනිමක ද්විත්ව සංඛ්යා කරා ළඟා වීමට අපොහොසත් වූ අතර, පැත්තෙන් අතහැර දමා ඇත.ඔහුගේ නම හිටපු ශ්රී ලාංකික ටෙස්ට් කඩුලු රකිපත්වීම්වල සබ්හි පුළුල් වන ලැයිස්තුවට එක් කළේය.",57y 316d
රොෂාන් සිරියාවවර්ධනමා,"මැයි 31, 1966, කොළඹ",දකුණු අත පිතිකරණය,පන්දු යැවීම නොවේ,කුමාර් සංගක්කාර සහ මහේලා අභිබවා යන බැවින් 1997 දී ආර්.ජයවර්ධන 2006 දී. එම හවුල්කාරිත්වයට මහනාමකගේ දායකත්වය 225 ක් වූ අතර ඔහුගේ වෘත්තියේ වැඩිම ලකුණු සංඛ්යාව 225 කි.ඔහු 1996 ශ්රී ලංකාවේ ලෝක කුසලාන ජයග්රාහී පැත්තෙන් ප්රධාන සාමාජිකාවක් විය. 1999 ලෝක කුසලානයේදී ඔහුගේ කණ්ඩායමේ විනාශකාරී බවෙන් පසුව මහානාමා තරුණ දක්ෂතා මනාලයෙකි.නමුත් ක්රීඩකයන් ඔහුට වඩා වයසින් වැඩි වූ විට එය මහානාමාවට හා ප්රතිපත්තිමය හා ආත්ම ගෞරවය පිපිරීමේ කාරණයක් ලෙස ඔහු විශ්රාම යාමට තීරණය කළේය.මහනාමා තම චරිතාපදානය 'විශ්රාමික රිදවීම' අතහැර දැමූ විගස එය ඔහුගේ වෘත්තියේ යූපීවරුන් හා පහත් බිම්වල ගැඹුරින් සොයා බලයි.2004 මැයි මාසයේදී 2004 මැයි මාසයේදී ඔහු අයිසීසී තරග තීරකවරයෙකු ලෙස රංජන් මදුගල්ල මහතා අනුගමනය කරන බව ඔහුගේ අතිශයින්ම මදුගල් අනුගමනය කළේය.,55y 137d
ගිල්ලි පෙරෙයිරා යැයි පැවසීම,"මැයි 22, 1964, කොළඹ",දකුණු අත පිතිකරණය,මන්දගාමී වම් අත ඕතඩොක්ස්,ඔහු 1986 දී එක්දින තරග 4 ක් ක්රීඩා කළ ශ්රී ලංකා ක්රිකට් ක්රීඩකයෙකි.,57y 146d
සිරිමේවන් කීර්ති රණසිංහ,"ජූලි 04, 1962, කොළඹ",වම් අත පන්දු,දකුණු අත මාධ්යය,ඔහු 1986 දී එක්දින තරග 4 ක් ක්රීඩා කළ ශ්රී ලංකා ක්රිකට් ක්රීඩකයෙකි.,59y 103d
කැලේ,"අප්රේල් 07, 1965, කොළඹ",දකුණු අත පිතිකරණය,දකුණු අත වේගවත් මාධ්යය,"1985-86 පාකිස්තානයට එරෙහි 1985-86 නිවාස මාලාවේ අවසන් ටෙස්ට් තරගයේදී විසි වසරක් ලෙස ශ්රී ලංකාව වෙනුවෙන් ක්රීඩා කිරීම සඳහා කෞෂික් අමලීන් තෝරා ගන්නා ලදී.එංගලන්ත බී කණ්ඩායමකට එරෙහි ආකර්ෂණීය සංදර්ශනයක් ඔහුගේ නම තේරීම් ජාලයට ගෙන ආහ.දකුණු-හස්තයේ වේගවත් මධ්යම පන්දු යවන්නාක්, ඔහුගේ ක්රියාව සමඟ ග්රහණය කර ගැනීම සඳහා තියුණු වේගයකින් පන්දු යැවීමට ඔහුට හැකියාව තිබුණි.මොෂින් ඛාන් සහ ජාවෙව් මියාන්ඩේඩ්ගේ කඩුලු 3 ක් දවා ගනිමින් 59 කට 39 කට 39 කට 69 කට වැඩි ප්රමාණයක් ලබා ගනිමින් ඔහු ඊට ප්රතිචාර දැක්වීය.එක් නොබැඳි ටෙස්ට් තරගයේදී පෙරත් හි ශ්රී ලංකාව තලා දැමූ 1987-88 ඕස්ට්රේලියානු සංචාරයේදී අමලියාගේ තවත් ටෙස්ට් තරගය අමලීන් 97 කට ගෞරවනීය 4 ක් ලබා ගත්හ.",56y 191d
චිපේරි ප්රායෝගීන් යනු රොනිකරුවෙකි,"ජනවාරි 08, කොළඹ 1965 ජනවාරි 0865",දකුණු අත පිතිකරණය,දකුණු අත වේගවත් මාධ්යය,"රාමනායක යනු සුරක්ෂිත අධිෂ් with ානයක් සහිත කැමැත්තක් දක්වන රංගන ශිල්පියෙකි - ඔහු කිසි විටෙකත් ප්රශ්නය විසුරුවා හැරියේ නැත.ශ්රී ලංකාවට සැබෑ වේග පන්දු යැවීමේ තර්ජනයක් වූ කාල පරිච්ඡේදයක් තුළ අව්යාජ මධ්යම උමතුවක් වන රාමනායක, වැඩ බර පැටවීමේ බර දරා ගත්තේය.රාමනායක මහතා පරීක්ෂණ මට්ටමින් අව්යාජ කඩුල්ලක් ලබා ගැනීමේ තර්ජනයක් ලෙස අමු වේගයෙන් අමු වේ.අවංක වැසිකිළියක් සාමාන්යයෙන් පිතිකරුවා බැහැර නොකර පරීක්ෂා කිරීමට ඔහුට හැකි විය.",56y 280d
ග්රේම් ෆ්රෙඩ්රික් ලැබ්රූයි,"ජුනි 07, 1964, කොළඹ",දකුණු අත පිතිකරණය,දකුණු අත වේගවත් මාධ්යය,"ගුණාත්මක පැද්දීමේ පන්දු යැවීමේ ප්රදර්ශනය කළ හැකි මධ්යම වේග පන්දු යවන්නෙකු, ග්රැමී ලේබ්රූයි රිචඩ් හැඩලී සිය පෙළ පොත් ක්රියාමාර්ගය සකස් කළේය. ලේබ්රියෝ රූමේෂ් රත්නායක සමඟ හොඳ නව බෝල හවුල්කාරිත්වයක් ඇති බව පෙනෙන්නට තිබුණත් ඔහුගේ පරීක්ෂණ වෘත්තිය කෙටියෙන් විය. වවුලන් සමඟ හැකියාව, ඔහුගේ කාලයේ ඔහුට පහර දෙන ආ ro ු සම්පීඩියක් නිපදවිය හැකි අතර එය බොහෝ විට විපක්ෂ කණ්ඩායම බිඳී ගියේය. ලැබ්රූයි ඉන්දියාවට එරෙහිව අවතා රංගනයක්, පිතිකරණයේ පිතිකරණයේ පිතිකරුවන් එක් මිල අධික කඩුල්ලක් බවට පත් කළ අතර පිතිකරුවන් ටෙස්ට් තරගයේ ආධිපත්යය දැරීය. එංගලන්තයට එරෙහි ලෝඩ්ස්හිදී ඔහු පන්දුව 4 කදී ලකුණු 42 ක් රැස් කරමින් ලකුණු 42 ක් රැස් කරමින් ලකුණු 42 ක් රැස් කළේය. ඔහුගේ දියුණුව ශ්රී ලංකාවේ වරින් වර පරීක්ෂණ කාලසටහනට අනුකූල විය. තම මව්බිමේ දේශපාලන ආතතිය හේතුවෙන් දීර් period කාලයක් පුරා ව්යාප්ත වූ පරීක්ෂණ නවයක්ම විදේශයන්හි සේවය කරන ලදී. ඕස්ට්රේලියානු සංචාරයේදී ඔහු සිය පළමු කඩුල්ල පහක් 53 හැවිරිදි ගබ්බා හි ලකුණු 5 කට ලකුණු 5 ක් ලබා ගත්තේය. නවසීලන්තයේ සංචාරයේදී ඔහු ජාත්යන්තර මට්ටමින් ඔහුගේ පාද සොයා ගැනීම රූමේෂ් රත්නායක සමඟ නව පන්දුව ලබා ගත්තේය. පන්දුව සමඟ ඔහු කඩුලු 13 ක් දවා ගත්තේය. ඕක්ලන්ඩ් හි තෙවන ටෙස්ට් තරමේ අවාසනාවට ඔහුගේ අවසාන පරීක්ෂණයෙන් ඔහුට සුපිරි මංගරයක තරගයක් තිබුණි. පන්දුව සමඟ ඔහු ලකුණු 42 ක් සහ පිතිකරුවන් සමඟ ලකුණු 32 ක් සහ වවුල සමඟ 32 දෙනෙකුගෙන් 3 දෙනෙකු ග්රහණය කරගත් අතර පන්දු 80 කදී නොදැවී 70 කදී හතරේ පහර 14 ක් රැස් කළේය.",57y 130d
හන්ෂ් ප්රසාර්තා තිලකරත්න,"ජූලි 14, 1967, කොළඹ",වම් අත පන්දු,දකුණු අත ඕෆ්බ්රීක් කඩුලු රකින්නා,"ශ්රී ලංකාවේ ජාත්යන්තර බලවේගයක් ලෙස ශ්රී ලංකාවේ ඉස්මතු වීමේ වැදගත් චරිතයක් වූ හෂාන් තිලකරත්න වැදගත් චරිතයක් වූ හෂන් තරඟකරුවෙකු හා මැලියම් කුවර්ෂකරයෙකි.පාසැල් සිසුවියක් ලෙස ඔහු ක්රිකට් ක්රීඩාවේ දක්ෂතා දැක්වූයේ කොළඹ ඉසිපතන විද්යාලයේ සහ පසුව ඩී.එස්. සේනානායක විද්යාලයේ දී ය.ඔහු මුලින්ම සිටියේ 1986 දී ගාලේ බී ගාලේ දී ගාලේ බී වෙත එරෙහිව තරඟ ඉතිරිකිරීමේ ශතකයක් වන අතර, 1986 දී ගාලේ දී ගාලේ බී ගාලේ තවමත් පාසැලේදී ඔහුගේ එක්දින ජාත්යන්තර තරඟාවලිය එම වසරේ නොවැම්බර් මාසයේදී ඉන්දියාවට එරෙහිව ගියේය.වසර තුනකට පසු ඕස්ට්රේලියාවට එරෙහිව පරීක්ෂණ ආරම්භයක් වූ අතර ඔහුගේ ටෙස්ට් වෘත්තීය ජීවිතය තුළ තිලකරත්න බොහෝ විට පිතිකරු-කඩුලු රකින්නා ලෙස ක්රීඩා කළේය.",54y 93d
